{
	"id": 4,
	"Charge": 2.0216987133026123,
	"Mmr": 5,
	"Speed": 8.8000001907348633,
	"Status": 0,
	"Tiredness": 2.9131441116333008,
	"Wear": 20,
	"Weight": 12.199999809265137,
	"Left Hand":
	{
		"Type": "Normal",
		"id": 0,
		"LocationX": 1.5,
		"LocationY": 1.6000000238418579,
		"LocationZ": 1.7000000476837158,
		"Wear": 3.5,
		"Weight": 2.2000000476837158,
		"Damage": 10.199999809265137,
		"Range": 6,
		"Speed": 2.2000000476837158
	},
	"Right Hand":
	{
		"Type": "Normal",
		"id": 0,
		"LocationX": 1.5,
		"LocationY": 1.6000000238418579,
		"LocationZ": 1.7000000476837158,
		"Wear": 3.5,
		"Weight": 2.2000000476837158,
		"Damage": 10.199999809265137,
		"Range": 6,
		"Speed": 2.2000000476837158
	},
	"Left Leg":
	{
		"Type": "Normal",
		"id": 0,
		"LocationX": 1.5,
		"LocationY": 1.6000000238418579,
		"LocationZ": 1.7000000476837158,
		"Wear": 3.5,
		"Weight": 2.2000000476837158,
		"Damage": 10.199999809265137,
		"Lifting": 6,
		"Speed": 2.2000000476837158
	},
	"Right Leg":
	{
		"Type": "Normal",
		"id": 0,
		"LocationX": 1.5,
		"LocationY": 1.6000000238418579,
		"LocationZ": 1.7000000476837158,
		"Wear": 3.5,
		"Weight": 2.2000000476837158,
		"Damage": 10.199999809265137,
		"Lifting": 6,
		"Speed": 2.2000000476837158
	},
	"Body":
	{
		"Type": "Normal",
		"id": 0,
		"LocationX": 1.5,
		"LocationY": 1.6000000238418579,
		"LocationZ": 1.7000000476837158,
		"Wear": 2.5,
		"Weight": 1.2000000476837158
	},
	"Head":
	{
		"Type": "White",
		"id": 1,
		"LocationX": 1.1000000238418579,
		"LocationY": 1.2000000476837158,
		"LocationZ": 1.2999999523162842,
		"Wear": 3.5,
		"Weight": 2.2000000476837158
	}
}